a|b
mozilla/releng-jacuzzis|mozilla
lightsweeper/lightsweeper|lightsweeper
aldey-inc/nanoAuto|aldey-inc
androidarmv6/android_frameworks_base|androidarmv6
rapid7/metasploit-framework|rapid7
csula/cs203-winter-2015|csula
androidarmv6/android_packages_apps_Settings|androidarmv6
nutsandboltspack/nutsandbolts|nutsandboltspack
resque/resque|resque
angular/angular-hint|angular
aosp-stock/vendor_stock|aosp-stock
omnirom/android_device_samsung_p1|omnirom
PeggApp/pegg|PeggApp
amplab-extras/SparkR-pkg|amplab-extras
aestheticinteractive/Hovercast-VR-Menu|aestheticinteractive
fwdcp/nodecg-strawpoll|fwdcp
dudeteam/CodeGraph|dudeteam
CrystalRayEternityGames/Crystal-Ray-Source|CrystalRayEternityGames
sakai-mirror/test-center|sakai-mirror
omnirom/android_device_samsung_aries-common|omnirom
reflectometry/reduction|reflectometry
membase/testrunner|membase
sakai-mirror/mneme|sakai-mirror
libgit2/objective-git|libgit2
apache/incubator-ranger|apache
cloudfoundry/cf-release|cloudfoundry
grpc/grpc|grpc
BoxLib-Codes/wdmerger|BoxLib-Codes
proofchains/python-proofmarshal|proofchains
noironetworks/horizon|noironetworks
wp-plugins/orillacart|wp-plugins
Home-SignUp/Jenkins-SignUp-Client|Home-SignUp
CS673S15-Group1-Team1/RequireTracker|CS673S15-Group1-Team1
cocos2d/cocos2d-html5|cocos2d
UBERTC/sysroot|UBERTC
mywikis/Hardy-Weinberg-Calculator|mywikis
Starship-Android/android_system_extras|Starship-Android
CyanideL/android_vendor_cyanide|CyanideL
wp-plugins/sucuri-scanner|wp-plugins
zinedistro/zinedistro|zinedistro
BlissPopGM/system_core|BlissPopGM
gangoffour/groupProject|gangoffour
FRC4131/RecycleRush2015|FRC4131
wikimedia/parsoid|wikimedia
GreenTdev/VisualNovel-1|GreenTdev
Iobotics/FRC-2015-RecycleRush|Iobotics
idsdata/IATI-Urls-Snapshot|idsdata
Komodo/komodo-website|Komodo
memex-explorer/memex-explorer|memex-explorer
gosu-lang/gosu-lang|gosu-lang
ucsc-mus-strain-cactus/annotation-database-constructor|ucsc-mus-strain-cactus
dxw/dxw-security-wp-plugin|dxw
RAMCO-AMS/SampleCode|RAMCO-AMS
FinNerds/AndroidApp|FinNerds
dias-epfl/raw-jit-executor|dias-epfl
vikomet/vikomet-android-sdk|vikomet
lg-devs/android_device_lge_d803|lg-devs
pinf-it/it.pinf.lib|pinf-it
fwdcp/nodecg-nowplaying|fwdcp
VentureROM-L/android_frameworks_native|VentureROM-L
lnstempunks/website|lnstempunks
multitheftauto/mtasa-blue|multitheftauto
MCTC-Projects/BookClub|MCTC-Projects
fruux/sabre-dav|fruux
GsDevKit/gsDevKitHome|GsDevKit
cienciahacker/index|cienciahacker
AreaFiftyOne/Foxy_Glenda|AreaFiftyOne
Guavus/spark|Guavus
gluster/glusterfs|gluster
nvrslp/neversleep-php-client|nvrslp
balanced/www.balancedpayments.com|balanced
lg-devs/android_kernel_lge_msm8974-caf|lg-devs
LK8000/LK8000|LK8000
Marx-Engine/term-project|Marx-Engine
concourse/concourse|concourse
concourse/fly|concourse
zalora/args-generics|zalora
uacaps/SignalRNotifications|uacaps
HackaLibramont/discover|HackaLibramont
dictyBase/dictyconference|dictyBase
radicalgraphics/IterRad|radicalgraphics
NREL/EnergyPlus|NREL
COS301-group-authentication-A/part3|COS301-group-authentication-A
codelibs/jhighlight|codelibs
cornell-pl/HsAdapton|cornell-pl
BlissPopGM/packages_providers_ThemesProvider|BlissPopGM
Hackstarter/hackstarter|Hackstarter
crowd-conquer-devs/crowd-conquer|crowd-conquer-devs
thesgc/cbh_chembl_ws_extension|thesgc
ISIS2503-2015-01/Grupo-2|ISIS2503-2015-01
funkywork/RMEBuilder|funkywork
DADACONF/D3D3CONF|DADACONF
cs2103jan2015-f10-2c/main|cs2103jan2015-f10-2c
mozilla/build-partner-repacks|mozilla
quotientapp/baadb|quotientapp
laravel/framework|laravel
FitburIO/framework|FitburIO
chef/oc-chef-pedant|chef
pebble/pebble-api-node|pebble
chef/oc_erchef|chef
coop-developers/coop-apis|coop-developers
winjs/winjs|winjs
syncloud/image|syncloud
cs2103jan2015-w11-2c/main|cs2103jan2015-w11-2c
Springerle/py-generic-project|Springerle
laravel/docs|laravel
RidingtheShortBus/thegame|RidingtheShortBus
linkedin/dustjs|linkedin
HoverRace/HoverRace|HoverRace
cloudmesh/management|cloudmesh
SpecFlow-Plugins/coded-ui|SpecFlow-Plugins
UH-Bioinformatics/Seanome|UH-Bioinformatics
globocom/IWantToWorkAtGloboCom|globocom
mozilla/build-mozharness|mozilla
novus/nvd3|novus
ACMLug/vagrant|ACMLug
GsDevKit/sampleProject|GsDevKit
open-algo/first-repo|open-algo
arcadia-unity/Arcadia|arcadia-unity
ContestHunter/ContestHunterJS|ContestHunter
irods/irods|irods
wp-plugins/spam-hammer|wp-plugins
syncloud/image-ci|syncloud
codeforrva/crimemap|codeforrva
clir/clearnlp-guidelines|clir
imbas-solutions/orthopaedics|imbas-solutions
DevelopersGuild/zombie-ninja-attack-craft|DevelopersGuild
OurComics/our-comics|OurComics
HackNationMC/html|HackNationMC
AOSC-Dev/community-portal|AOSC-Dev
Code-More/mvvm|Code-More
ga-labs-fitness-visualization/fitness-visualization|ga-labs-fitness-visualization
Microsoft/visualfsharp|Microsoft
OnsideFC/Scrapers|OnsideFC
expertiza/expertiza|expertiza
Tatoeba/tatoeba2|Tatoeba
EManual/EManual-Android|EManual
LastMile/services|LastMile
savioke/common_msgs|savioke
cloudfoundry-incubator/diego-release|cloudfoundry-incubator
pantsbuild/pants-for-travis-osx-ci|pantsbuild
wuvt/wuvt-site|wuvt
ContextualElectronics/Full-Charge-Ahead|ContextualElectronics
thestudentlife/Manhattan-Project|thestudentlife
jbemcop/std-dev-env|jbemcop
AlmuraDev/AlmuraSDK|AlmuraDev
wikimedia/mediawiki-extensions|wikimedia
msgpack4z/msgpack4z-core|msgpack4z
antitypical/Manifold|antitypical
Electrostatics/PB-AM|Electrostatics
eXolnet/redmine-code-audit|eXolnet
alertsense/ping-pong-ref|alertsense
msgpack4z/msgpack4z-shapeless|msgpack4z
stackforge/puppet-nova|stackforge
EnginesOS/System|EnginesOS
cypress-io/cypress|cypress-io
beagleboard/beagleboard-org|beagleboard
derbyjs/racer|derbyjs
sbp-conference/sbp2015|sbp-conference
msgpack4z/msgpack4z-api|msgpack4z
ioam/topographica|ioam
concrete5/concrete5-5.7.0|concrete5
VideoGameDesign-TSA-2015/Pixill|VideoGameDesign-TSA-2015
msgpack4z/msgpack4z-jawn|msgpack4z
QSCTech/git-auto-pull|QSCTech
fedora-python/python-pip|fedora-python
jomweb/platform|jomweb
asm-products/firesize|asm-products
ACMLug/hostlist|ACMLug
cloudera/Impala|cloudera
msgpack4z/msgpack4z-play|msgpack4z
liftsecurity/sorrow|liftsecurity
CS321-SP15/cs321-sp15|CS321-SP15
gentoo/gentoo-portage-rsync-mirror|gentoo
addthis/fluxthis.io|addthis
weo-edu/clever-oauth-token|weo-edu
HackUMass/hackumass-mobile|HackUMass
pivotalservices/pezsearch|pivotalservices
gt-big-data/retina-clusterer|gt-big-data
linkedin/parseq|linkedin
cloudfoundry-community/cf-plugin-kibana-me-logs|cloudfoundry-community
omeka/omeka-s|omeka
truthcoin/www.truthcoin.info|truthcoin
freebsd/phabricator|freebsd
Originate/mycha|Originate
cylonn/cylonn|cylonn
Team-Andronerds/contest_app|Team-Andronerds
thesgc/chembiohub_ws|thesgc
the3ballsoft/crm_sunpower|the3ballsoft
openpilot/OpenPilot|openpilot
ThePenguins/A-Man-Walked-Into-A-Bar|ThePenguins
cubiclerebels/rogger|cubiclerebels
breach/thrust|breach
polysquare/polysquare-ci-scripts|polysquare
golang/go|golang
agileharbor/messageVault|agileharbor
fivethirtyeight/data|fivethirtyeight
quixdb/squash|quixdb
Schedulator/Schedulator|Schedulator
limijiaoyin/slides-page|limijiaoyin
lonelyplanet/vigia|lonelyplanet
UCDEagles/Real-Estate-Program|UCDEagles
GaiaMagic/logging|GaiaMagic
sysward/sysward-agent|sysward
gitlabhq/gitlabhq|gitlabhq
f-droid/fdroid-data|f-droid
immutant/immutant|immutant
JurassiCraft/JurassiCraft|JurassiCraft
GrupoOperacionalRDO/WebThreshGame|GrupoOperacionalRDO
Gooey-Dee-Bee/Ripple|Gooey-Dee-Bee
yellowhouseassociates/dashboard-ns|yellowhouseassociates
toajs/toa-ejs|toajs
Disco-TeX/DiscoTeX|Disco-TeX
lg-devs/android_device_lge_vs980|lg-devs
Chroma-Aosp/vendor_moto_shamu|Chroma-Aosp
virtkick/virtkick-starter|virtkick
ractivejs/component-spec|ractivejs
springdox/springdox|springdox
CMPUT404/socialdistribution|CMPUT404
suwonsmartapp/study-examples|suwonsmartapp
glslio/glsl-transitions|glslio
tbd-ci/tbd|tbd-ci
genome/diagnose_dups|genome
dartsim/dart|dartsim
Chorus/chorus|Chorus
OctopusCorporation/Wormhole|OctopusCorporation
peatio/peatio|peatio
playnimbus/Private-Eyes|playnimbus
SHHSYL/NDI-Tools|SHHSYL
HackNationMC/ban-me|HackNationMC
NuIota/Unreal-Engine|NuIota
enthought/traits|enthought
whisklabs/blackpepper|whisklabs
CarletonStudentDev/SwipeGame|CarletonStudentDev
tcltk/tk|tcltk
LeagueSharp/LeagueSharp.CommonEx|LeagueSharp
nxjcproject/nenghaojiankong_byc|nxjcproject
barc/single-sign-on|barc
krishagni/openspecimen|krishagni
stackie/adminlte-theme|stackie
compute-io/unzip|compute-io
Infinite-Dango-Studios/ganbatte-resources|Infinite-Dango-Studios
mesosphere/kubernetes-mesos|mesosphere
bitly/go-nsq|bitly
influxdb/influxdb|influxdb
BCDevExchange/BCDevExchange-app|BCDevExchange
BetaToast/NyxianSkies|BetaToast
Equitable/trump|Equitable
mantidproject/mantid|mantidproject
decorefloor/decorefloor|decorefloor
hudmol/yale_containers|hudmol
clir/clearnlp|clir
Multimedia-Team/term-project|Multimedia-Team
helpers/handlebars-helper-variable|helpers
PGTeamWorks/bojo_factory|PGTeamWorks
Raptacon/Robot-2015|Raptacon
wardencam360/wardencam_manual|wardencam360
Harvard-University-iCommons/icommons_lti_tools|Harvard-University-iCommons
GitInsights/GitInsights|GitInsights
gkno/gkno_launcher|gkno
suscerte/aponwao|suscerte
CopticScriptorium/cts|CopticScriptorium
TEAMMATES/repo|TEAMMATES
LizardCode/EasySupport|LizardCode
TeamSampleText/GameJam|TeamSampleText
duckduckgo/zeroclickinfo-spice|duckduckgo
grouplens/grapht|grouplens
snowdriftcoop/snowdrift|snowdriftcoop
ncsu-sw-carpen/carpen-group|ncsu-sw-carpen
facebook/presto|facebook
stroymeh/stroymeh|stroymeh
codefortrenton/trentonconnects|codefortrenton
LanMomo/LanMomo-Website|LanMomo
anomalylabs/search-module|anomalylabs
starlight/dotfiles|starlight
transitland/transitland-datastore|transitland
BlueFern/DbiharPatchFilter|BlueFern
Raizlabs/ViewHolderInflater|Raizlabs
ioam/imagen|ioam
AOSIP/platform_frameworks_base|AOSIP
kublikon/junkmail|kublikon
msgpack4z/msgpack4z-argonaut|msgpack4z
civicrm/civicrm-core|civicrm
faimg/todoApp-with-angularjs|faimg
AbandonedCart/VRtube--Playa|AbandonedCart
ioam/holoviews|ioam
SocialWebApps/Melissa-Serrano|SocialWebApps
validator/validator|validator
macgitver/libGitWrap|macgitver
adroverinc/adrover-webapp|adroverinc
radiasoft/radtrack|radiasoft
CleverRaven/Cataclysm-DDA|CleverRaven
openpipekit/CLI-Examples|openpipekit
CollaboratingPlatypus/Platypus-Common.Logging-Resharper-Annotations|CollaboratingPlatypus
infoforcefeed/OlegDB|infoforcefeed
maykastudio/maykastudio|maykastudio
Ziftr/ziftr-api-client-php|Ziftr
BlissPopGM/android|BlissPopGM
kbase/java_type_generator|kbase
RedSeal-co/node-java|RedSeal-co
t2trg/2015-ietf92|t2trg
anomalylabs/system-module|anomalylabs
AlpineNow/spark|AlpineNow
MEBG/mebg|MEBG
couchbaselabs/mini-hacks|couchbaselabs
pism/pism|pism
php-fusion/PHP-Fusion|php-fusion
tinkergarten-org/discourse|tinkergarten-org
BlissPopGM/android_device_lge_hammerhead|BlissPopGM
haiwen/seafile|haiwen
mapbox/mapbox-gl-native|mapbox
bvcms/bvcms|bvcms
miis-l10n/website-l10n_homework|miis-l10n
serverspec/serverspec|serverspec
compute-io/zip|compute-io
dropbox/pyston|dropbox
economica/django-rea|economica
Microsoft/TouchDevelop|Microsoft
FIRST-4030/FRC-2015|FIRST-4030
f8RAR/TheGimbalStore|f8RAR
reclaimhosting/federated-wiki|reclaimhosting
yochiyochirb/meetups|yochiyochirb
optimizationBenchmarking/optimizationBenchmarking|optimizationBenchmarking
opencog/link-grammar|opencog
google/skia|google
Dceta/dceta|Dceta
HackNationMC/HackNation|HackNationMC
CyanogenMod/cm_crowdin|CyanogenMod
atelierabbey/Domhaine|atelierabbey
NyxStudios/ModBox|NyxStudios
wavefarm/admin|wavefarm
open-craft/edx-platform|open-craft
circleci/frontend|circleci
yiiframework-ua/yiiframework.com.ua|yiiframework-ua
mozilla/gecko-dev|mozilla
DirectMyFile/coreutils|DirectMyFile
Artsyshmup/ArtsyShmup|Artsyshmup
GNOME/tracker|GNOME
tsuru/basebuilder|tsuru
stan-dev/rstan|stan-dev
kivy/kivy|kivy
GNOME/geary|GNOME
telegram-zhCN/telegram-android|telegram-zhCN
hhroc/yellr-server|hhroc
DarkstarProject/darkstar|DarkstarProject
gopilot/portal|gopilot
Arachni/arachni-ui-web|Arachni
stan-dev/stan|stan-dev
BU-EC500-SP15/iot-ui-bigdata|BU-EC500-SP15
tovid-suite/tovid|tovid-suite
legorobo/drive|legorobo
uis2015s1/cumpleaniero|uis2015s1
apache/incubator-ignite|apache
mbraceproject/demo-digit-recognizer|mbraceproject
rust-lang/rustc-serialize|rust-lang
faosp/platform_vendor_aosp|faosp
timvideos/getting-started|timvideos
digitalpassport/digitalpassport.info|digitalpassport
SeleniumHQ/www.seleniumhq.org|SeleniumHQ
cafbuddy/cafbuddy-iOS|cafbuddy
CreativeBoys/YueMe|CreativeBoys
AmbitEnergyLabs/Sequelocity.NET|AmbitEnergyLabs
RowdyRuffBoyz/node-android|RowdyRuffBoyz
gohoneydew/gohoneydew|gohoneydew
GoogleCloudPlatform/appengine-try-python-webapp2|GoogleCloudPlatform
ParmEd/ParmEd|ParmEd
CS473-Group3/Quizzer|CS473-Group3
legorobo/Calibration|legorobo
EiffelSoftware/EiffelStudio|EiffelSoftware
rapid7/nexpose-client|rapid7
dpla/KriKri|dpla
votinginfoproject/vip-specification|votinginfoproject
rails/rails|rails
tendermint/tendermint|tendermint
PHPSocialverse/PHPSocialverse-core|PHPSocialverse
uml-digitalinitiatives/islandora_solr_search|uml-digitalinitiatives
CS2103jan2015-t09-2j/main|CS2103jan2015-t09-2j
msgpack4z/msgpack4z-java06|msgpack4z
urbit/sample-apps|urbit
libretro/RetroArch|libretro
perfectsense/brightspot-js-carousel|perfectsense
msgpack4z/msgpack4z-java07|msgpack4z
qzind/qz-print|qzind
spaceboats/busbus-android|spaceboats
CMPUT410W15T02/CMPUT410W15-project|CMPUT410W15T02
faosp/manifest|faosp
rust-lang/tempdir|rust-lang
CSET3600GroupProject/Main|CSET3600GroupProject
TeamEOS/vendor_oneplus|TeamEOS
lg-devs/android_device_lge_g2-common|lg-devs
proengsoft/laravel-jsvalidation|proengsoft
golang/oauth2|golang
P9SOFT/P9DataSources-for-AsyncDisplayKit|P9SOFT
ColumbiaCMB/layouteditor|ColumbiaCMB
rrtsstudios/sceneryobjects|rrtsstudios
cs2103jan2015-w15-4j/main|cs2103jan2015-w15-4j
thesgc/chembl_beaker|thesgc
fedora-python/python-setuptools|fedora-python
msgpack4z/msgpack4z-native|msgpack4z
SyntaxC4-MSFT/ComposerExtension|SyntaxC4-MSFT
UBERTC/uber-scripts|UBERTC
websudos/phantom|websudos
tokenly/tokenly-cms|tokenly
cugzi/cugzi|cugzi
goatdb/llama|goatdb
playrust-io/oxide-plugins|playrust-io
nim-lang/lua|nim-lang
d7reviews/reviews|d7reviews
tweetyourbracket/tweetyourbracket.com|tweetyourbracket
macmillanpublishers/test_repo|macmillanpublishers
sakai-mirror/ambrosia|sakai-mirror
asm-products/landline.io|asm-products
metricize/metricize-ui|metricize
appcelerator/appc-platform-sdk|appcelerator
keenlabs/KeenClient-Python|keenlabs
reactor/reactor|reactor
rust-lang/rlibc|rust-lang
utrm/project|utrm
ansible/ansible|ansible
DataDog/dd-agent|DataDog
nunit/nunit|nunit
cs2103jan2015-f11-2c/f112c-CS2103|cs2103jan2015-f11-2c
Apelon-VA/ISAAC|Apelon-VA
codefirst/FlickSKK|codefirst
Sunrise-Robot/sunriserobot.net|Sunrise-Robot
apache/tomcat|apache
CS383-Team1/project|CS383-Team1
idevops-net/ds|idevops-net
xenim/livestatus-publicpage|xenim
wp-plugins/hitsteps-visitor-manager|wp-plugins
mappingdc/website|mappingdc
compute-io/variance|compute-io
jac-h/perl-JSA|jac-h
ioam/param|ioam
pinf/org.pinf.lib|pinf
dubioustarantula/Kango|dubioustarantula
cloudera/hue|cloudera
YTHXQ/ECCS|YTHXQ
cocos2d/cocos2d-x|cocos2d
eecs183/microArcade|eecs183
thesgc/cbh_chembl_model_extension|thesgc
omnirom/android_kernel_samsung_aries|omnirom
rust-lang/uuid|rust-lang
JogAmp/jogl|JogAmp
Pandexio/net_sdk|Pandexio
PHPSocialverse/PHPSocialverse-menus|PHPSocialverse
HackaLibramont/Ardenne-Hiking|HackaLibramont
htcondor/htcondor|htcondor
sonicretro/sa_tools|sonicretro
cambridgehackers/connectal|cambridgehackers
BlissPopGM/android_kernel_lge_hammerhead|BlissPopGM
dotph/cocca-api|dotph
wavefarm/api|wavefarm
NatLibFi/Finto-data|NatLibFi
ugma/ugma|ugma
scalio/storypath|scalio
springlobby/springlobby|springlobby
FFmpeg/FFmpeg|FFmpeg
PhyDaC/pdc-env|PhyDaC
GalSim-developers/GalSim|GalSim-developers
mozilla/firefox-ios|mozilla
slurp-contrib/resources|slurp-contrib
FAForever/server|FAForever
QIICR/Iowa2DICOM|QIICR
gushphp/gush|gushphp
sphinx-doc/sphinx|sphinx-doc
dwellkit/dk-fe|dwellkit
omnirom/android_frameworks_native|omnirom
LSC-Unicamp/ArchC|LSC-Unicamp
HackaLibramont/tripnwin_front|HackaLibramont
swkoubou/hackathon2015winter-b|swkoubou
vmware/pyvcloud|vmware
okulbilisim/ojs|okulbilisim
unitedstates/inspectors-general|unitedstates
freelawproject/recap-chrome|freelawproject
embersherpa/workshop-ember-1.11|embersherpa
aspc/mainsite|aspc
BYU-ODH/hlrdesk|BYU-ODH
doya-okinawa/doya|doya-okinawa
darkcoin/darkcoin|darkcoin
chef/pushy_common|chef
renewablefunding/hancock|renewablefunding
RAMCO-AMS/RAMCO-API-PHP-Class|RAMCO-AMS
DMOJ/site|DMOJ
Linphone-sync/linphone-sync|Linphone-sync
asm-products/landline-web|asm-products
forge/core|forge
PHPSocialverse/PHPSocialverse|PHPSocialverse
hbtelecom/AutoQueue|hbtelecom
soc504-s2015-princeton/slides|soc504-s2015-princeton
ioam/lancet|ioam
Phenomics-KSU/htp_auto|Phenomics-KSU
TravelGene/Architecture|TravelGene
deepfield/dnsflow|deepfield
Piwigo/Piwigo-Mobile|Piwigo
Tunr-io/TunrRT|Tunr-io
lg-devs/android_device_lge_d800|lg-devs
Treode/store|Treode
g0v-data/mirror|g0v-data
antitypical/TesseractCore|antitypical
FundacaoLemann/hackday|FundacaoLemann
txsll/SLLStatistics|txsll
gonum/matrix|gonum
greatfire/z|greatfire
coreos/etcd-starter|coreos
KittehOrg/KittehIRCClientLib|KittehOrg
icecondor/api|icecondor
JogAmp/oculusvr-sdk|JogAmp
kartverket/coverage|kartverket
dmdcilantro/cilantro|dmdcilantro
livestreet/livestreet-framework|livestreet
PhyDaC/auth|PhyDaC
retsr/rets.js|retsr
calblueprint/bluebase_api|calblueprint
concourse/atc|concourse
magarena/magarena-scripts-builder|magarena
Courseworks/UOBCWK|Courseworks
openaddresses/openaddresses|openaddresses
nbobtc/bitcoind-php|nbobtc
chef-buddy/chef-buddy-foundation|chef-buddy
DuoSoftware/DVP-DBModels|DuoSoftware
epsilonz/tailrec.rs|epsilonz
eattle/eattle_client|eattle
limijiaoyin/baiduCom|limijiaoyin
uTask/utask.io|uTask
VestalNetSciHigh/store|VestalNetSciHigh
gigster-eng/turfly|gigster-eng
rust-lang/rand|rust-lang
wecontinue/book-collection|wecontinue
hatchery/brood-mother|hatchery
apache/stratos|apache
frappe/frappe|frappe
team1305/Kitbot2015|team1305
TeamAGGS/DefectProneness|TeamAGGS
EmbodiedCognition/py-sim|EmbodiedCognition
RAMCO-AMS/QuickStartGuide|RAMCO-AMS
rust-lang/crates.io-index|rust-lang
coop-developers/coop-users|coop-developers
wikimedia/mediawiki-extensions-Echo|wikimedia
TeamRegular/android_kernel_lge_e2nxx|TeamRegular
lg-devs/android_device_lge_d802|lg-devs
FalconChristmas/fpp|FalconChristmas
coreos/etcd|coreos
cmu-cylab-privacylens/PrivacyLens|cmu-cylab-privacylens
DailyBurn/db-qwop-workers|DailyBurn
team3238/2015Robot|team3238
timofarrar/jibo|timofarrar
jMonkeyEngine/jmonkeyengine|jMonkeyEngine
BlissPopGM/frameworks_base|BlissPopGM
chef/opscode-omnibus|chef
angularity/node-angularity|angularity
hatimi/distill|hatimi
ydfzxy/www-ydfzxy-com|ydfzxy
thecourseforum/theCourseForum|thecourseforum
audit4j/audit4j-core|audit4j
caskdata/cdap|caskdata
stackforge/kolla|stackforge
sikuli/craft-braille|sikuli
Raizlabs/maven-releases|Raizlabs
Plain-Simple/GeometryToolkit|Plain-Simple
rust-lang/semver|rust-lang
puyoai/puyoai|puyoai
Coinffeine/coinffeine|Coinffeine
Mashape/kong|Mashape
DuoSoftware/DVP-Common|DuoSoftware
projeto-siga/siga-transportes|projeto-siga
team691/2015RobotCode|team691
tw-csie-sprout/programming15spring|tw-csie-sprout
CSC510-2015-Axitron/maze|CSC510-2015-Axitron
derbyjs/derby|derbyjs
mod2/momentum|mod2
smart-on-fhir/installer|smart-on-fhir
PiStudios/BattleBuddiesRepository|PiStudios
WalkingInTheAir/JDBC|WalkingInTheAir
rust-lang/getopts|rust-lang
rust-lang/glob|rust-lang
EQMacEmu/peqmacquests|EQMacEmu
SpotsTeam/SPOTS|SpotsTeam
archlinuxarm/PKGBUILDs|archlinuxarm
Scenic-Route/scenic_route_iOS|Scenic-Route
GNOME/gnome-builder|GNOME
frc3946/RecycleRush|frc3946
scesi/cursos_eduardo_di_santi|scesi
HackNationMC/noobs|HackNationMC
yahoo/fluxible|yahoo
rust-lang/regex|rust-lang
ubuntu-de/ubuntu-de-bot|ubuntu-de
rust-lang/libc|rust-lang
blinkreaction/drude|blinkreaction
zepheira/pybibframe|zepheira
rvacoderdojo/lessons|rvacoderdojo
cs2103jan2015-w13-3j/main|cs2103jan2015-w13-3j
fwdcp/tweet-live-graphic|fwdcp
rust-lang/num|rust-lang
EventsHub/EventsHub|EventsHub
sonatype/nexus-oss|sonatype
haiwen/seahub|haiwen
rust-lang/log|rust-lang
ENCODE-DCC/encoded|ENCODE-DCC
rust-lang/bitflags|rust-lang
sikuli/diff-apps|sikuli
LAB-Rio/mapa|LAB-Rio
CocoaPods/Specs|CocoaPods
strikedebt/debtcollective-web|strikedebt
orchestral/orchestraplatform.com|orchestral
ReactiveCocoa/ReactiveCocoa|ReactiveCocoa
datawrapper/datawrapper|datawrapper
OctopusCorporation/Hydra|OctopusCorporation
Home-SignUp/Jenkins-SignUp|Home-SignUp
scorelab/OpenDF|scorelab
vmware/vca-cli|vmware
AnySoftKeyboard/AnySoftKeyboard|AnySoftKeyboard
7IN0-labs/AtomPHP|7IN0-labs
edurange/edurange|edurange
TwistedBliss/android|TwistedBliss
lg-devs/android_device_lge_f320|lg-devs
yasp-dota/yasp|yasp-dota
SuperTuxTeam/supertux|SuperTuxTeam
lsst/versiondb|lsst
BlueBarracudas/Deliverables|BlueBarracudas
virtkick/virtkick-backend|virtkick
suikawiki/suikawiki-data|suikawiki
autosportlabs/RaceCapture-Pro_firmware|autosportlabs
BlissPopGM/frameworks_opt_telephony|BlissPopGM
theatlantic/django-nested-admin|theatlantic
wp3/anspress|wp3
catedrasaes-umu/corbasim|catedrasaes-umu
dwellkit/dk-be|dwellkit
geany/geany-plugins|geany
Kloudless/file-explorer|Kloudless
curso-elementos/spring-boot|curso-elementos
wl-net/dataview|wl-net
dbke/tianchi|dbke
pixlra/playuver|pixlra
dmwm/WMCore|dmwm
Homebrew/homebrew-science|Homebrew
mks66-dw/curves|mks66-dw
embulk/embulk|embulk
PlaySwell/swell_media|PlaySwell
lg-devs/android_device_lge_d801|lg-devs
rust-lang/term|rust-lang
oxidelang/oxide|oxidelang
thesgc/ng-chem|thesgc
KaOSx/apps|KaOSx
pingpong-labs/modules|pingpong-labs
osrf/www.ros.org|osrf
kawazrepos/Kawaz3rd|kawazrepos
pr-of-it/t4-standard-app|pr-of-it
o2project/steins-git|o2project
Rhombik/rhombik-object-repository|Rhombik
iterami/ParticleRun-2D.htm|iterami
sakai-mirror/melete|sakai-mirror
GovernanceConsultants/GovernanceConsultants|GovernanceConsultants
bluesat/CSDC-OBC-Software|bluesat
quantcast/qfs|quantcast
occprogramming/Programming-Comp|occprogramming
ku-fpg/dotgen|ku-fpg
Panax/panax|Panax
DreediMX/DreediStore|DreediMX
RIEI/Vistumbler|RIEI
easydigitaldownloads/EDD-Payment-Icons-Widget|easydigitaldownloads
dotph/registry|dotph
mmod/nodamysql|mmod
fedora-python/python3|fedora-python
pingpong-labs/sky|pingpong-labs
conduit-rust/conduit-utils|conduit-rust
equalitie/ceno|equalitie
DevShelfBlog/DevShelf|DevShelfBlog
